{"cameraMode":{"drawMode":0,"name":"Shaded","section":"Shading Mode"},"sceneLighting":false,"audioPlay":false,"sceneViewState":{"m_AlwaysRefresh":false,"showFog":true,"showSkybox":false,"showFlares":true,"showImageEffects":true,"showParticleSystems":true,"showVisualEffectGraphs":true,"m_FxEnabled":false},"in2DMode":false,"pivot":{"x":0.40479791164398196,"y":0.022552967071533204,"z":1.1920928955078126e-7},"rotation":{"x":0.39495334029197695,"y":0.13451795279979707,"z":-0.05878128111362457,"w":0.9070221185684204},"size":4.090904235839844,"orthographic":false}