{"cameraMode":{"drawMode":0,"name":"Shaded","section":"Shading Mode"},"sceneLighting":false,"audioPlay":false,"sceneViewState":{"m_AlwaysRefresh":false,"showFog":true,"showSkybox":false,"showFlares":true,"showImageEffects":true,"showParticleSystems":true,"showVisualEffectGraphs":true,"m_FxEnabled":true},"in2DMode":false,"pivot":{"x":0.602362871170044,"y":5.444765090942383,"z":0.5910742878913879},"rotation":{"x":0.010749169625341893,"y":0.972169041633606,"z":-0.22958597540855409,"w":0.045531902462244037},"size":1.821850061416626,"orthographic":false}