{"cameraMode":{"drawMode":0,"name":"Shaded","section":"Shading Mode"},"sceneLighting":false,"audioPlay":false,"sceneViewState":{"m_AlwaysRefresh":false,"showFog":true,"showSkybox":false,"showFlares":true,"showImageEffects":true,"showParticleSystems":true,"showVisualEffectGraphs":true,"m_FxEnabled":true},"in2DMode":false,"pivot":{"x":36.52043151855469,"y":34.075469970703128,"z":-30.768909454345704},"rotation":{"x":-0.17999188601970673,"y":0.6749600768089294,"z":-0.17508214712142945,"w":-0.6938489675521851},"size":0.000017320508050033823,"orthographic":false}