{"cameraMode":{"drawMode":0,"name":"Shaded","section":"Shading Mode"},"sceneLighting":false,"audioPlay":false,"sceneViewState":{"m_AlwaysRefresh":false,"showFog":true,"showSkybox":false,"showFlares":true,"showImageEffects":true,"showParticleSystems":true,"showVisualEffectGraphs":true,"m_FxEnabled":false},"in2DMode":false,"pivot":{"x":-0.7915906310081482,"y":0.7363715767860413,"z":1.1605132818222047},"rotation":{"x":-0.08508983254432678,"y":-0.8619280457496643,"z":0.14771822094917298,"w":-0.47904032468795779},"size":0.5932705402374268,"orthographic":false}