{"cameraMode":{"drawMode":0,"name":"Shaded","section":"Shading Mode"},"sceneLighting":false,"audioPlay":false,"sceneViewState":{"m_AlwaysRefresh":false,"showFog":true,"showSkybox":false,"showFlares":true,"showImageEffects":true,"showParticleSystems":true,"showVisualEffectGraphs":true,"m_FxEnabled":true},"in2DMode":false,"pivot":{"x":1.1592981815338135,"y":1.0372228622436524,"z":0.8473622798919678},"rotation":{"x":0.1940556764602661,"y":-0.29913848638534548,"z":0.062207967042922977,"w":0.932246744632721},"size":0.926984429359436,"orthographic":false}