{"cameraMode":{"drawMode":0,"name":"Shaded","section":"Shading Mode"},"sceneLighting":false,"audioPlay":false,"sceneViewState":{"m_AlwaysRefresh":false,"showFog":true,"showSkybox":false,"showFlares":true,"showImageEffects":true,"showParticleSystems":true,"showVisualEffectGraphs":true,"m_FxEnabled":true},"in2DMode":false,"pivot":{"x":0.9989938735961914,"y":5.850834369659424,"z":1.6337432861328126},"rotation":{"x":-0.23154865205287934,"y":0.7503638863563538,"z":-0.33274030685424807,"w":-0.5225149989128113},"size":1.3231860399246216,"orthographic":false}