{"cameraMode":{"drawMode":0,"name":"Shaded","section":"Shading Mode"},"sceneLighting":false,"audioPlay":false,"sceneViewState":{"m_AlwaysRefresh":false,"showFog":true,"showSkybox":false,"showFlares":true,"showImageEffects":true,"showParticleSystems":true,"showVisualEffectGraphs":true,"m_FxEnabled":true},"in2DMode":false,"pivot":{"x":-0.08684122562408447,"y":0.7926892042160034,"z":0.37055909633636477},"rotation":{"x":-0.3364863693714142,"y":0.07843734323978424,"z":-0.02805267833173275,"w":-0.9380361437797546},"size":0.9967948794364929,"orthographic":false}