{"cameraMode":{"drawMode":0,"name":"Shaded","section":"Shading Mode"},"sceneLighting":false,"audioPlay":false,"sceneViewState":{"m_AlwaysRefresh":false,"showFog":true,"showSkybox":false,"showFlares":true,"showImageEffects":true,"showParticleSystems":true,"showVisualEffectGraphs":true,"m_FxEnabled":false},"in2DMode":false,"pivot":{"x":0.0437169075012207,"y":-0.046397119760513309,"z":-2.384185791015625e-7},"rotation":{"x":0.39495334029197695,"y":0.13451795279979707,"z":-0.05878128111362457,"w":0.9070221185684204},"size":2.49495267868042,"orthographic":false}