{"cameraMode":{"drawMode":0,"name":"Shaded","section":"Shading Mode"},"sceneLighting":false,"audioPlay":false,"sceneViewState":{"m_AlwaysRefresh":false,"showFog":true,"showSkybox":false,"showFlares":true,"showImageEffects":true,"showParticleSystems":true,"showVisualEffectGraphs":true,"m_FxEnabled":true},"in2DMode":false,"pivot":{"x":0.17093460261821748,"y":2.7845029830932619,"z":0.09083462506532669},"rotation":{"x":-0.005836543161422014,"y":0.8883380889892578,"z":-0.4594382345676422,"w":-0.011305088177323342},"size":2.2858259677886965,"orthographic":false}