{"cameraMode":{"drawMode":0,"name":"Shaded","section":"Shading Mode"},"sceneLighting":false,"audioPlay":false,"sceneViewState":{"m_AlwaysRefresh":false,"showFog":true,"showSkybox":false,"showFlares":true,"showImageEffects":true,"showParticleSystems":true,"showVisualEffectGraphs":true,"m_FxEnabled":true},"in2DMode":false,"pivot":{"x":16.456966400146486,"y":11.697219848632813,"z":-17.282594680786134},"rotation":{"x":0.2297777235507965,"y":0.026032866910099984,"z":-0.0061772651970386509,"w":0.9730017185211182},"size":0.05802305415272713,"orthographic":false}